,Carnames,Carmodels,Showroomprice_Rs_Lakh,Rating,Engine_cc,Mileage_kmpl,Fuel_type,Body_type,Transmission,Onroadprice_Rs_Lakh
0,Mercedes-Benz,E-Class,59.08,4.4,2987,18,Petrol | Diesel,SUV,Automatic,38.39
1,Mercedes-Benz,G-Class,42.95,4.4,2925,8,Petrol | Diesel,Sedan,Automatic,37.67
2,Mercedes-Benz,C-Class,150.0,4.4,1991,13,Petrol | Diesel,SUV,Automatic,177.0
3,Mercedes-Benz,GLC,52.75,5.0,1991,NaN,Petrol | Diesel,SUV,Automatic,87.21
4,Mercedes-Benz,A-Class,,,NaN,NaN,NaN,Sedan,Automatic,47.33
5,Mercedes-Benz,S-Class,136.0,4.5,2996,14,Petrol | Diesel,SUV,Automatic,80.96
6,Mercedes-Benz,E-ClassAll-Terrain,75.0,4.5,1950,13,Diesel,SUV,Automatic,104.0
7,Mercedes-Benz,GLAClass,32.33,4.3,1991,18,Petrol | Diesel,Crossover,Automatic,88.74
8,Mercedes-Benz,AMGGT,227.0,4.3,3982,13,Petrol,Hatchback,Automatic,33.12
9,Mercedes-Benz,GLS,87.77,4.4,2996,11,Petrol | Diesel,SUV,Automatic,62.49
10,Mercedes-Benz,GLE,73.7,4.3,1950,10,Diesel,Sedan,Automatic,68.09
11,Mercedes-Benz,CLS,84.7,,1950,19,Diesel,Coupe,Automatic,160.0
12,Mercedes-Benz,V-Class,68.4,4.7,1950,16,Diesel,Sedan,Automatic,37.25
13,Mercedes-Benz,AMGGT4-DoorCoupe,242.0,4.7,3998,NaN,Diesel,Hatchback,Automatic,100.0
