,Carnames,Carmodels,Showroomprice_Rs_Lakh,Rating,Engine_cc,Mileage_kmpl,Fuel_type,Body_type,Transmission,Onroadprice_Rs_Lakh
0,Tata,Altroz,5.29,4.8,1497,NaN,Petrol | Diesel,Hatchback,Manual,5.89
1,Tata,Nexon,6.95,4.5,1199,22,Petrol | Diesel,SUV,ManualAMT,7.86
2,Tata,Tiago,4.6,4.3,1199,24,Petrol,Hatchback,ManualAMT,5.13
3,Tata,Harrier,13.69,4.5,1956,17,Diesel,SUV,ManualAutomatic,16.4
4,Tata,TigorEV,9.17,4.3,NaN,NaN,Electric(Battery,SUV,Automatic,16.56
5,Tata,NexonEV,13.99,4.8,NaN,NaN,Electric(Battery,Sedan,ManualAMT,6.39
6,Tata,Hexa,13.7,4.5,2179,18,Diesel,SUV,Manual,13.32
7,Tata,SafariStorme,11.09,4.2,2179,14,Diesel,SUV,ManualAMT,15.57
8,Tata,Tigor,5.75,4.3,1199,20,Petrol,Hatchback,Manual,7.68
9,Tata,Zest,5.82,4.3,1193,23,Petrol | Diesel,SUV,Manual,8.76
10,Tata,TigorJTP,7.59,4.7,1199,20,Petrol,Sedan,ManualAutomatic,6.47
11,Tata,TiagoNRG,5.95,3.9,1047,27,Petrol | Diesel,Hatchback,Manual,6.24
12,Tata,TiagoJTP,6.69,4.9,1199,24,Petrol,Hatchback,Manual,5.66
13,Tata,Bolt,5.29,4.3,1193,23,Petrol | Diesel,Sedan,Manual,8.69
14,Tata,YodhaPickup,6.95,4.3,2956,NaN,Diesel,NaN,NaN,7.98
