,Carnames,Carmodels,Showroomprice_Rs_Lakh,Rating,Engine_cc,Mileage_kmpl,Fuel_type,Body_type,Transmission,Onroadprice_Rs_Lakh
0,Honda,Amaze,6.1,4.3,1199,27,Petrol | Diesel,Sedan,ManualAutomatic,6.58
1,Honda,City,9.91,4.4,1498,26,Petrol | Diesel,Sedan,ManualAutomatic,11.32
2,Honda,Civic,17.94,4.2,1799,27,Petrol | Diesel,SUV,AutomaticManual,9.25
3,Honda,WRV,8.08,4.1,1199,26,Petrol | Diesel,Sedan,ManualAutomatic,21.41
4,Honda,BRV,9.53,4.1,1498,22,Petrol | Diesel,SUV,Automatic,8.53
5,Honda,CR-V,28.27,4.1,1597,20,Petrol | Diesel,Sedan,ManualAutomatic,33.6
6,Honda,Accord,43.21,3.9,1993,23,Petrol,Hybrid,Automatic,10.89
7,Honda,Jazz,7.45,0.0,1498,27,Petrol | Diesel,NaN,NaN,50.53
