,Carnames,Carmodels,Showroomprice_Rs_Lakh,Rating,Engine_cc,Mileage_kmpl,Fuel_type,Body_type,Transmission,Onroadprice_Rs_Lakh
0,Tata,Altroz,5,4.8,1497.0,,Petrol | Diesel,Hatchback,Manual,5.89
1,Tata,Nexon,6,4.5,1199.0,22.0,Petrol | Diesel,SUV,ManualAMT,7.86
2,Tata,Tiago,4,4.3,1199.0,24.0,Petrol,Hatchback,ManualAMT,5.13
3,Tata,Harrier,13,4.5,1956.0,17.0,Diesel,SUV,ManualAutomatic,16.4
4,Tata,TigorEV,9,4.3,,,Electric(Battery,SUV,Automatic,16.56
5,Tata,NexonEV,13,4.8,,,Electric(Battery,Sedan,ManualAMT,6.39
6,Tata,Hexa,13,4.5,2179.0,18.0,Diesel,SUV,Manual,13.32
7,Tata,SafariStorme,11,4.2,2179.0,14.0,Diesel,SUV,ManualAMT,15.57
8,Tata,Tigor,5,4.3,1199.0,20.0,Petrol,Hatchback,Manual,7.68
9,Tata,Zest,5,4.3,1193.0,23.0,Petrol | Diesel,SUV,Manual,8.76
10,Tata,TigorJTP,7,4.7,1199.0,20.0,Petrol,Sedan,ManualAutomatic,6.47
11,Tata,TiagoNRG,5,3.9,1047.0,27.0,Petrol | Diesel,Hatchback,Manual,6.24
12,Tata,TiagoJTP,6,4.9,1199.0,24.0,Petrol,Hatchback,Manual,5.66
13,Tata,Bolt,5,4.3,1193.0,23.0,Petrol | Diesel,Sedan,Manual,8.69
14,Tata,YodhaPickup,6,4.3,2956.0,,Diesel,,,7.98
15,Nissan,Kicks,9,4.5,1498.0,20.0,Petrol | Diesel,SUV,Manual,10.91
16,Nissan,Micra,6,4.0,1198.0,23.0,Petrol | Diesel,SUV,ManualAMT,11.23
17,Nissan,Terrano,10,4.1,1461.0,20.0,Petrol | Diesel,Sedan,ManualAMT,8.1
18,Nissan,MicraActive,5,3.8,1198.0,19.0,Petrol,Hatchback,AMTManual,7.6
19,Nissan,GT-R,2,4.3,3798.0,9.0,Petrol,Hatchback,Manual,5.84
20,Nissan,Sunny,7,4.3,1498.0,23.0,Petrol | Diesel,Coupe,Automatic,2.48
21,Audi,A3,29,4.6,1395.0,20.0,Petrol | Diesel,SUV,Automatic,318.0
22,Audi,Q7,69,4.3,2967.0,15.0,Petrol | Diesel,Sedan,Automatic,80.42
23,Audi,A4,41,4.2,1968.0,18.0,Petrol | Diesel,Sedan,Automatic,38.68
24,Audi,Q3,34,4.1,1968.0,19.0,Petrol | Diesel,Sedan,Automatic,185.0
25,Audi,R8,23,,,,,Sedan,Automatic,63.23
26,Audi,A6,54,4.5,1984.0,15.0,Petrol,SUV,Automatic,48.28
27,Audi,Q8,134,5.0,2995.0,,Petrol,,Automatic,41.1
28,Audi,A8,50,4.4,2995.0,17.0,Petrol,SUV,Automatic,76.48
29,Audi,Q5,156,4.4,1984.0,,Petrol | Diesel,,Automatic,58.34
30,Audi,A5,60,4.3,1968.0,19.0,Petrol | Diesel,SUV,Automatic,64.77
31,Audi,S5,72,3.9,2995.0,12.0,Petrol,Sedan,Automatic,84.64
32,Audi,A3cabriolet,50,39.0,1395.0,19.0,Petrol,Sedan,Automatic,157.0
33,Audi,RS5,111,4.0,2894.0,11.0,Petrol,Sedan,Automatic,129.0
34,BMW,X1,35,4.1,1998.0,21.0,Petrol | Diesel,Sedan,Automatic,145.0
35,BMW,3Series,41,4.6,1995.0,20.0,Petrol | Diesel,Hybrid,Automatic,41.78
36,BMW,7Series,73,4.6,2993.0,40.0,Petrol | Diesel,SUV,Automatic,76.83
37,BMW,X5,66,4.4,2993.0,13.0,Petrol | Diesel,Sedan,Automatic,49.1
38,BMW,Z4,123,4.1,1998.0,14.0,Petrol,SUV,Automatic,96.77
39,BMW,X3,56,4.4,1995.0,19.0,Petrol | Diesel,SUV,Automatic,306.0
40,BMW,X7,55,4.5,2998.0,13.0,Petrol | Diesel,SUV,Automatic,117.0
41,BMW,5Series,60,4.6,1998.0,22.0,Petrol | Diesel,SUV,Automatic,86.27
42,BMW,X4,103,4.4,2993.0,17.0,Petrol | Diesel,Sedan,Automatic,109.0
43,BMW,M2,83,4.8,2979.0,11.0,Petrol,SUV,Automatic,66.32
44,BMW,3SeriesGT,47,4.1,1995.0,22.0,Petrol | Diesel,Sedan,Automatic,17.0
45,BMW,6Series,64,3.9,2993.0,17.0,Petrol | Diesel,Sedan,Automatic,71.75
46,BMW,MSeries,136,0.0,2979.0,10.0,Petrol,SUV,Automatic,64.37
47,Ferrari,812Superfast,520,4.3,6496.0,7.0,Petrol,Coupe,Automatic,507.0
48,Ferrari,Portofino,350,4.0,3855.0,9.0,Petrol,Convertible,Automatic,409.0
49,Ferrari,GTC4Lusso,426,4.7,3855.0,4.0,Petrol,Coupe,Automatic,607.0
50,Ferrari,488,440,4.7,3902.0,8.0,Petrol,Coupe,Automatic,491.0
51,Honda,Amaze,6,4.3,1199.0,27.0,Petrol | Diesel,Sedan,ManualAutomatic,6.58
52,Honda,City,9,4.4,1498.0,26.0,Petrol | Diesel,Sedan,ManualAutomatic,11.32
53,Honda,Civic,17,4.2,1799.0,27.0,Petrol | Diesel,SUV,AutomaticManual,9.25
54,Honda,WRV,8,4.1,1199.0,26.0,Petrol | Diesel,Sedan,ManualAutomatic,21.41
55,Honda,BRV,9,4.1,1498.0,22.0,Petrol | Diesel,SUV,Automatic,8.53
56,Honda,CR-V,28,4.1,1597.0,20.0,Petrol | Diesel,Sedan,ManualAutomatic,33.6
57,Honda,Accord,43,3.9,1993.0,23.0,Petrol,Hybrid,Automatic,10.89
58,Honda,Jazz,7,0.0,1498.0,27.0,Petrol | Diesel,,,50.53
59,Hyundai,Venue,6,4.2,998.0,4.0,Petrol | Diesel,SUV,ManualAutomatic,7.46
60,Hyundai,Elitei20,5,4.2,1197.0,23.0,Petrol | Diesel,SUV,ManualAutomatic,11.42
61,Hyundai,Aura,5,4.3,1197.0,,Petrol | Diesel,Hatchback,AutomaticManual,6.12
62,Hyundai,Creta,10,4.3,1396.0,22.0,Petrol | Diesel,Hatchback,ManualAMT,5.57
63,Hyundai,Verna,8,4.4,1368.0,24.0,Petrol | Diesel,Sedan,ManualAMT,6.36
64,Hyundai,Grandi10,6,4.1,1197.0,19.0,Petrol | Diesel,Hatchback,ManualAMT,4.8
65,Hyundai,Santro,4,4.4,1086.0,20.0,Petrol | Diesel,SUV,Automatic,28.04
66,Hyundai,KonaElectric,23,4.1,,,Petrol | Diesel,Charge,Manual,6.48
67,Hyundai,Grandi10Nios,5,4.2,1197.0,26.0,Petrol | Diesel,Hatchback,ManualAutomatic,9.46
68,Hyundai,Xcent,5,4.2,1186.0,25.0,Petrol | Diesel,Sedan,ManualAutomatic,6.5
69,Hyundai,Tucson,18,4.2,1999.0,18.0,Petrol | Diesel,Crossover,Manual,8.86
70,Hyundai,Elantra,15,3.5,1999.0,15.0,Petrol | Diesel,SUV,AutomaticManual,22.39
71,Hyundai,i20Active,7,0.0,1396.0,21.0,Petrol | Diesel,Sedan,ManualAutomatic,18.99
72,Maruti,Swift,5,4.2,1248.0,23.0,Petrol,Hatchback,ManualAMT,4.09
73,Maruti,Baleno,5,4.1,1197.0,23.0,Petrol,Hatchback,Manual,3.21
74,Maruti,S-Presso,3,4.1,998.0,23.0,Petrol,Hatchback,ManualAMT,4.81
75,Maruti,Alto,2,4.1,796.0,23.0,Petrol,Sedan,ManualAutomatic,5.72
76,Maruti,Dzire,5,4.3,1248.0,23.0,Petrol,SUV,ManualAutomatic,6.47
77,Maruti,VitaraBrezza,7,4.6,1462.0,23.0,Petrol,Hatchback,AMTManual,8.29
78,Maruti,WagonR,4,4.3,998.0,23.0,Petrol,,AutomaticManual,5.38
79,Maruti,Ertiga,7,4.3,1498.0,23.0,Petrol,,AutomaticManual,6.21
80,Maruti,Eeco,3,4.2,1196.0,23.0,Petrol,Hatchback,MUV,11.15
81,Maruti,Celerio,4,4.1,998.0,23.0,Petrol,Hatchback,ManualAMT,8.69
82,Maruti,Ignis,4,4.1,1197.0,23.0,Petrol,Hatchback,ManualAutomaticAMT,4.72
83,Maruti,XL6,9,4.1,1462.0,23.0,Petrol,,MUV,3.65
84,Maruti,Ciaz,8,4.3,1462.0,23.0,Petrol,Sedan,Manual,9.52
85,Maruti,AltoK10,3,4.6,998.0,23.0,Petrol,,AutomaticManual,10.07
86,Maruti,S-Cross,8,4.3,1248.0,23.0,Petrol,Hatchback,Manual,5.26
87,Maruti,CelerioX,4,4.3,998.0,23.0,Petrol,Hatchback,Manual,10.12
88,Mahindra,Scorpio,10,4.0,2523.0,16.0,Diesel,SUV,Manual,9.27
89,Mahindra,XUV300,8,3.9,1197.0,20.0,Petrol | Diesel,SUV,Manual,7.36
90,Mahindra,XUV500,12,4.0,2179.0,15.0,Diesel,SUV,Manual,8.24
91,Mahindra,Thar,9,3.6,2498.0,17.0,Diesel,SUV,Manual,14.77
92,Mahindra,TUV300,8,3.8,1493.0,18.0,Diesel,SUV,Manual,5.84
93,Mahindra,BoleroPik-Up,6,3.4,2523.0,,Diesel,SUV,Manual,8.56
94,Mahindra,e2oPlus,6,3.9,,,Electric(Battery,SUV,Manual,5.44
95,Mahindra,Marazzo,10,4.0,1497.0,17.0,Diesel,SUV,Manual,7.22
96,Mahindra,AlturasG4,27,3.9,2157.0,12.0,Diesel,SUV,Manual,12.31
97,Mahindra,EVerito,13,3.9,,,Electric(Battery,SUV,Automatic,9.77
98,Mahindra,KUV100NXT,4,4.0,1198.0,25.0,Petrol | Diesel,SUV,Automatic,11.35
99,Mahindra,Xylo,9,4.0,2489.0,15.0,Diesel,SUV,MUV,8.51
100,Mahindra,BoleroPowerPlus,7,3.9,1493.0,17.0,Diesel,Sedan,Manual,10.63
101,Mahindra,TUV300Plus,9,4.0,2179.0,18.0,Diesel,Hatchback,Manual,11.49
102,Mahindra,VeritoVibe,6,3.6,1461.0,21.0,Diesel,SUV,ManualAMT,8.73
103,Mahindra,Verito,7,3.8,1461.0,21.0,Diesel,Sedan,Manual,7.54
104,Mercedes-Benz,E-Class,59,4.4,2987.0,18.0,Petrol | Diesel,SUV,Automatic,38.39
105,Mercedes-Benz,G-Class,42,4.4,2925.0,8.0,Petrol | Diesel,Sedan,Automatic,37.67
106,Mercedes-Benz,C-Class,150,4.4,1991.0,13.0,Petrol | Diesel,SUV,Automatic,177.0
107,Mercedes-Benz,GLC,52,5.0,1991.0,,Petrol | Diesel,SUV,Automatic,87.21
108,Mercedes-Benz,A-Class,23,,,,,Sedan,Automatic,47.33
109,Mercedes-Benz,S-Class,136,4.5,2996.0,14.0,Petrol | Diesel,SUV,Automatic,80.96
110,Mercedes-Benz,E-ClassAll-Terrain,75,4.5,1950.0,13.0,Diesel,SUV,Automatic,104.0
111,Mercedes-Benz,GLAClass,32,4.3,1991.0,18.0,Petrol | Diesel,Crossover,Automatic,88.74
112,Mercedes-Benz,AMGGT,227,4.3,3982.0,13.0,Petrol,Hatchback,Automatic,33.12
113,Mercedes-Benz,GLS,87,4.4,2996.0,11.0,Petrol | Diesel,SUV,Automatic,62.49
114,Mercedes-Benz,GLE,73,4.3,1950.0,10.0,Diesel,Sedan,Automatic,68.09
115,Mercedes-Benz,CLS,84,,1950.0,19.0,Diesel,Coupe,Automatic,160.0
116,Mercedes-Benz,V-Class,68,4.7,1950.0,16.0,Diesel,Sedan,Automatic,37.25
117,Mercedes-Benz,AMGGT4-DoorCoupe,242,4.7,3998.0,,Diesel,Hatchback,Automatic,100.0
118,Renault,KWID,2,3.8,999.0,25.0,Petrol,MUV,Manual,5.52
119,Renault,Triber,4,4.2,999.0,20.0,Petrol,Hatchback,ManualAMT,3.25
120,Renault,Duster,8,4.0,1461.0,20.0,Petrol | Diesel,SUV,ManualAMTAutomatic,9.15
121,Renault,Captur,9,4.5,1498.0,20.0,Petrol | Diesel,MUV,Manual,9.87
122,Renault,Lodgy,8,4.1,1461.0,21.0,Diesel,SUV,Manual,10.85
123,Skoda,Rapid,8,4.3,1598.0,22.0,Petrol | Diesel,Sedan,AutomaticManual,8.16
124,Skoda,Octavia,16,4.4,1798.0,21.0,Petrol | Diesel,SUV,Automatic,40.36
125,Skoda,Kodiaq,34,4.6,1968.0,16.0,Diesel,Sedan,ManualAutomatic,30.91
126,Skoda,Superb,23,4.3,1798.0,18.0,Petrol | Diesel,Sedan,ManualAutomatic,18.52
127,Toyota,Fortuner,28,4.4,2755.0,15.0,Petrol | Diesel,SUV,AutomaticManual,33.08
128,Toyota,InnovaCrysta,15,4.4,2393.0,14.0,Petrol | Diesel,Hatchback,AutomaticManual,8.0
129,Toyota,PlatinumEtios,6,4.3,1364.0,24.0,Petrol | Diesel,MUV,ManualAutomatic,17.86
130,Toyota,Glanza,6,4.2,1197.0,24.0,Petrol,SUV,Automatic,1.74
131,Toyota,EtiosLiva,5,4.2,1364.0,24.0,Petrol | Diesel,Sedan,AutomaticManual,9.89
132,Toyota,LandCruiser,23,,,,,Hatchback,Manual,5.71
133,Toyota,CorollaAltis,16,4.5,1798.0,21.0,Petrol | Diesel,Sedan,Manual,7.63
134,Toyota,Camry2019,37,4.6,2487.0,19.0,Petrol,Sedan,Automatic,44.49
135,Toyota,LandCruiserPrado,23,,,,,Sedan,ManualAutomatic,19.65
136,Toyota,Yaris,8,4.1,1496.0,18.0,Petrol,SUV,Automatic,1.14
137,Toyota,Prius,45,3.3,,,Petrol,Crossover,Manual,7.2
138,Toyota,EtiosCross,6,4.4,1496.0,24.0,Petrol | Diesel,Sedan,Automatic,51.54
139,Mitsubishi,PajeroSport,27,4.2,2477.0,14.0,Diesel,SUV,AutomaticManual,33.09
140,Mitsubishi,Outlander,27,4.4,2360.0,10.0,Petrol,SUV,Automatic,32.02
141,Ford,EcoSport,8,4.3,1497.0,22.0,Petrol | Diesel,SUV,ManualAutomatic,9.2
142,Ford,Mustang,74,4.4,4951.0,13.0,Petrol,SUV,Automatic,83.71
143,Ford,Figo,5,4.1,1194.0,24.0,Petrol | Diesel,Coupe,Automatic,5.92
144,Ford,Freestyle,5,4.4,1498.0,24.0,Petrol | Diesel,Hatchback,ManualAutomatic,6.46
145,Ford,Aspire,5,4.4,1498.0,24.0,Petrol | Diesel,Sedan,ManualAutomatic,6.56
146,Ford,Endeavour,29,0.0,1996.0,14.0,Diesel,Hatchback,Manual,34.34
147,Jeep,Compass,15,4.1,1368.0,17.0,Petrol | Diesel,SUV,ManualAutomatic,18.5
148,Jeep,Wrangler,63,4.7,1998.0,12.0,Petrol,SUV,Automatic,75.69
149,Jeep,GrandCherokee,78,4.4,2998.0,13.0,Petrol | Diesel,SUV,Automatic,87.84
150,Jeep,CompassTrailhawk,23,4.4,1956.0,16.0,Diesel,,,27.98
151,Bentley,Continental,329,4.3,5998.0,13.0,Petrol,Coupe,Automatic,386.0
152,Bentley,Bentayga,378,4.6,5950.0,11.0,Petrol,SUV,Automatic,450.0
153,Bentley,Mulsanne,556,4.0,6752.0,10.0,Petrol,Sedan,Automatic,635.0
154,Bentley,FlyingSpur,322,4.7,3993.0,13.0,Petrol,Sedan,Automatic,374.0
155,Lamborghini,Huracan,299,4.4,5204.0,11.0,Petrol,Coupe,Automatic,565.0
156,Lamborghini,Urus,310,4.4,3996.0,8.0,Petrol,Coupe,Automatic,353.0
157,Lamborghini,Aventador,501,4.3,6498.0,8.0,Petrol,SUV,Automatic,350.0
158,Lamborghini,HuracanEVO,322,4.2,5204.0,7.0,Petrol,,,
159,Lexus,LS,182,4.4,3456.0,15.0,Petrol,Coupe,Automatic,232.0
160,Lexus,NX,54,5.0,2499.0,18.0,Petrol,SUV,Automatic,272.0
161,Lexus,RX,99,4.6,3456.0,19.0,Petrol,Sedan,Automatic,61.49
162,Lexus,LX,233,4.5,5663.0,7.0,Petrol,SUV,Automatic,117.0
163,Lexus,LC500h,51,4.3,3456.0,22.0,Petrol,SUV,Automatic,64.88
164,Lexus,ES,196,4.8,2487.0,,Petrol,Sedan,Automatic,213.0
165,Land,RoverRangeRoverEvoque,54,,1997.0,,Petrol | Diesel,SUV,Automatic,65.07
166,Land,RoverDiscoverySport,57,3.7,1999.0,,Diesel,SUV,Automatic,67.57
167,Land,RoverRangeRoverVelar,71,4.4,1997.0,16.0,Petrol,SUV,Automatic,85.76
168,Land,RoverDefender,69,4.5,1997.0,,Petrol,SUV,Automatic,
169,Land,RoverDiscovery,75,4.3,1999.0,18.0,Diesel,SUV,Automatic,88.96
170,Land,RoverRangeRoverSport,87,4.5,1997.0,13.0,Petrol,SUV,Automatic,123.0
171,Land,RoverRangeRover,182,4.6,2993.0,13.0,Petrol | Diesel,SUV,Automatic,204.0
172,MG,Hector,12,4.3,1956.0,17.0,Petrol | Diesel,SUV,ManualAutomatic,15.13
173,MG,ZSEV,20,4.3,,,Electric(Battery,SUV,Automatic,24.69
174,MINI,Clubman,41,4.7,1998.0,14.0,Petrol,Hatchback,Automatic,35.14
175,MINI,Cooper5DOOR,23,5.0,1496.0,21.0,Diesel,Convertible,Automatic,43.39
176,MINI,Cooper3DOOR,23,4.5,1496.0,21.0,Petrol | Diesel,Hatchback,Automatic,45.78
177,MINI,Countryman,34,4.0,1998.0,19.0,Petrol | Diesel,Hatchback,Automatic,41.43
178,MINI,CooperConvertible,38,4.1,1998.0,17.0,Petrol,Hatchback,Automatic,38.92
179,Porsche,Cayenne,119,4.4,3996.0,,Petrol,SUV,Automatic,139.0
180,Porsche,718,23,4.3,1988.0,9.0,Petrol,Convertible,Automatic,215.0
181,Porsche,Panamera,189,4.4,3996.0,18.0,Petrol | Diesel,SUV,Automatic,82.82
182,Porsche,Macan,69,3.7,1984.0,,Petrol,Sedan,Automatic,229.0
183,Porsche,CayenneCoupe,132,4.5,2995.0,,Diesel,Convertible,Automatic,105.0
184,Porsche,911,182,4.0,2981.0,9.0,Petrol,Coupe,Automatic,101.0
185,Maserati,Levante,149,4.2,2979.0,12.0,Petrol | Diesel,SUV,Automatic,168.0
186,Maserati,GranCabrio,246,3.9,4691.0,10.0,Petrol | Diesel,,,
187,Maserati,GranTurismo,225,3.7,4224.0,10.0,Petrol | Diesel,Coupe,Automatic,266.0
188,Maserati,Ghibli,136,,2987.0,17.0,Petrol | Diesel,Sedan,Automatic,155.0
189,Maserati,Quattroporte,171,4.9,3799.0,12.0,Petrol | Diesel,Sedan,Automatic,193.0
190,Volvo,XC90,23,4.5,1969.0,42.0,Petrol | Diesel,SUV,Automatic,47.33
191,Volvo,XC40,39,4.3,1969.0,18.0,Petrol | Diesel,SUV,Automatic,95.71
192,Volvo,S60CrossCountry,44,,2400.0,20.0,Diesel,Crossover,Automatic,55.62
193,Volvo,S60,38,4.8,1969.0,27.0,Petrol | Diesel,Hybrid,Automatic,61.49
194,Volvo,V90CrossCountry,65,4.2,1969.0,13.0,Diesel,Crossover,Automatic,38.41
195,Volvo,XC60,52,4.3,1969.0,11.0,Diesel,SUV,Automatic,76.34
196,Volvo,S90,51,4.4,1969.0,18.0,Diesel,Sedan,Automatic,51.76
197,Volkswagen,Polo,5,4.1,1498.0,21.0,Petrol | Diesel,Hatchback,ManualAutomatic,6.54
198,Volkswagen,Tiguan,28,4.3,1968.0,17.0,Diesel,SUV,Automatic,33.37
199,Volkswagen,Vento,8,4.3,1197.0,22.0,Petrol | Diesel,Sedan,AutomaticManual,10.28
200,Volkswagen,Ameo,5,4.1,1498.0,22.0,Petrol | Diesel,Sedan,Automatic,6.89
201,Datsun,GO,3,3.5,1198.0,20.0,Petrol,Hatchback,ManualAMT,2.98
202,Datsun,GOPlus,4,3.8,1198.0,20.0,Petrol,MUV,MUV,4.61
203,Datsun,redi-GO,2,3.7,799.0,23.0,Petrol,Hatchback,ManualAutomatic,4.2
204,Rolls,RoyceDawn,23,4.9,6598.0,10.0,Petrol,Convertible,Automatic,692.0
205,Rolls,RoyceGhost,23,4.4,6592.0,10.0,Petrol,Sedan,Automatic,607.0
206,Rolls,RoycePhantom,23,4.5,6749.0,10.0,Petrol,Sedan,Automatic,1110.0
207,Rolls,RoyceWraith,23,4.4,6592.0,10.0,Petrol,Coupe,Automatic,642.0
208,Rolls,RoyceCullinan,695,4.4,6750.0,10.0,Petrol,SUV,Automatic,819.9999999999999
