,Carnames,Carmodels,Showroomprice_Rs_Lakh,Rating,Engine_cc,Mileage_kmpl,Fuel_type,Body_type,Transmission,Onroadprice_Rs_Lakh
0,Porsche,Cayenne,119.0,4.4,3996,NaN,Petrol,SUV,Automatic,139.0
1,Porsche,718,,4.3,1988,9,Petrol,Convertible,Automatic,215.0
2,Porsche,Panamera,189.0,4.4,3996,18,Petrol | Diesel,SUV,Automatic,82.82
3,Porsche,Macan,69.98,3.7,1984,NaN,Petrol,Sedan,Automatic,229.0
4,Porsche,CayenneCoupe,132.0,4.5,2995,NaN,Diesel,Convertible,Automatic,105.0
5,Porsche,911,182.0,4.0,2981,9,Petrol,Coupe,Automatic,101.0
