,Carnames,Carmodels,Showroomprice_Rs_Lakh,Rating,Engine_cc,Mileage_kmpl,Fuel_type,Body_type,Transmission,Onroadprice_Rs_Lakh
0,Ford,EcoSport,8.04,4.3,1497,22,Petrol | Diesel,SUV,ManualAutomatic,9.2
1,Ford,Mustang,74.62,4.4,4951,13,Petrol,SUV,Automatic,83.71
2,Ford,Figo,5.39,4.1,1194,24,Petrol | Diesel,Coupe,Automatic,5.92
3,Ford,Freestyle,5.89,4.4,1498,24,Petrol | Diesel,Hatchback,ManualAutomatic,6.46
4,Ford,Aspire,5.99,4.4,1498,24,Petrol | Diesel,Sedan,ManualAutomatic,6.56
5,Ford,Endeavour,29.55,0.0,1996,14,Diesel,Hatchback,Manual,34.34
