,Carnames,Carmodels,Showroomprice_Rs_Lakh,Rating,Engine_cc,Mileage_kmpl,Fuel_type,Body_type,Transmission,Onroadprice_Rs_Lakh
0,BMW,X1,35.2,4.1,1998,21,Petrol | Diesel,Sedan,Automatic,145.0
1,BMW,3Series,41.4,4.6,1995,20,Petrol | Diesel,Hybrid,Automatic,41.78
2,BMW,7Series,73.3,4.6,2993,40,Petrol | Diesel,SUV,Automatic,76.83
3,BMW,X5,66.0,4.4,2993,13,Petrol | Diesel,Sedan,Automatic,49.1
4,BMW,Z4,123.0,4.1,1998,14,Petrol,SUV,Automatic,96.77
5,BMW,X3,56.0,4.4,1995,19,Petrol | Diesel,SUV,Automatic,306.0
6,BMW,X7,55.4,4.5,2998,13,Petrol | Diesel,SUV,Automatic,117.0
7,BMW,5Series,60.6,4.6,1998,22,Petrol | Diesel,SUV,Automatic,86.27
8,BMW,X4,103.0,4.4,2993,17,Petrol | Diesel,Sedan,Automatic,109.0
9,BMW,M2,83.4,4.8,2979,11,Petrol,SUV,Automatic,66.32
10,BMW,3SeriesGT,47.7,4.1,1995,22,Petrol | Diesel,Sedan,Automatic,17.0
11,BMW,6Series,64.4,3.9,2993,17,Petrol | Diesel,Sedan,Automatic,71.75
12,BMW,MSeries,136.0,0.0,2979,10,Petrol,SUV,Automatic,64.37
