,Carnames,Carmodels,Showroomprice_Rs_Lakh,Rating,Engine_cc,Mileage_kmpl,Fuel_type,Body_type,Transmission,Onroadprice_Rs_Lakh
0,Nissan,Kicks,9.55,4.5,1498,20,Petrol | Diesel,SUV,Manual,10.91
1,Nissan,Micra,6.66,4.0,1198,23,Petrol | Diesel,SUV,ManualAMT,11.23
2,Nissan,Terrano,10.0,4.1,1461,20,Petrol | Diesel,Sedan,ManualAMT,8.1
3,Nissan,MicraActive,5.29,3.8,1198,19,Petrol,Hatchback,AMTManual,7.6
4,Nissan,GT-R,2.12,4.3,3798,9,Petrol,Hatchback,Manual,5.84
5,Nissan,Sunny,7.07,4.3,1498,23,Petrol | Diesel,Coupe,Automatic,2.48
