,Carnames,Carmodels,Showroomprice_Rs_Lakh,Rating,Engine_cc,Mileage_kmpl,Fuel_type,Body_type,Transmission,Onroadprice_Rs_Lakh
0,Audi,A3,29.21,4.6,1395,20,Petrol | Diesel,SUV,Automatic,318.0
1,Audi,Q7,69.22,4.3,2967,15,Petrol | Diesel,Sedan,Automatic,80.42
2,Audi,A4,41.49,4.2,1968,18,Petrol | Diesel,Sedan,Automatic,38.68
3,Audi,Q3,34.97,4.1,1968,19,Petrol | Diesel,Sedan,Automatic,185.0
4,Audi,R8,,,NaN,NaN,NaN,Sedan,Automatic,63.23
5,Audi,A6,54.42,4.5,1984,15,Petrol,SUV,Automatic,48.28
6,Audi,Q8,134.0,5.0,2995,NaN,Petrol,NaN,Automatic,41.1
7,Audi,A8,50.21,4.4,2995,17,Petrol,SUV,Automatic,76.48
8,Audi,Q5,156.0,4.4,1984,NaN,Petrol | Diesel,NaN,Automatic,58.34
9,Audi,A5,60.61,4.3,1968,19,Petrol | Diesel,SUV,Automatic,64.77
10,Audi,S5,72.65,3.9,2995,12,Petrol,Sedan,Automatic,84.64
11,Audi,A3cabriolet,50.6,39.0,1395,19,Petrol,Sedan,Automatic,157.0
12,Audi,RS5,111.0,4.0,2894,11,Petrol,Sedan,Automatic,129.0
