,Carnames,Carmodels,Showroomprice_Rs_Lakh,Rating,Engine_cc,Mileage_kmpl,Fuel_type,Body_type,Transmission,Onroadprice_Rs_Lakh
0,Hyundai,Venue,6.55,4.2,998 ,4 ,Petrol | Diesel,SUV,ManualAutomatic,7.46
1,Hyundai,Elitei20,5.6,4.2,1197,23,Petrol | Diesel,SUV,ManualAutomatic,11.42
2,Hyundai,Aura,5.8,4.3,1197,NaN,Petrol | Diesel,Hatchback,AutomaticManual,6.12
3,Hyundai,Creta,10.0,4.3,1396,22,Petrol | Diesel,Hatchback,ManualAMT,5.57
4,Hyundai,Verna,8.18,4.4,1368,24,Petrol | Diesel,Sedan,ManualAMT,6.36
5,Hyundai,Grandi10,6.05,4.1,1197,19,Petrol | Diesel,Hatchback,ManualAMT,4.8
6,Hyundai,Santro,4.57,4.4,1086,20,Petrol | Diesel,SUV,Automatic,28.04
7,Hyundai,KonaElectric,23.72,4.1,NaN,NaN,Petrol | Diesel,Charge,Manual,6.48
8,Hyundai,Grandi10Nios,5.05,4.2,1197,26,Petrol | Diesel,Hatchback,ManualAutomatic,9.46
9,Hyundai,Xcent,5.81,4.2,1186,25,Petrol | Diesel,Sedan,ManualAutomatic,6.5
10,Hyundai,Tucson,18.77,4.2,1999,18,Petrol | Diesel,Crossover,Manual,8.86
11,Hyundai,Elantra,15.89,3.5,1999,15,Petrol | Diesel,SUV,AutomaticManual,22.39
12,Hyundai,i20Active,7.74,0.0,1396,21,Petrol | Diesel,Sedan,ManualAutomatic,18.99
