,Carnames,Carmodels,Showroomprice_Rs_Lakh,Rating,Engine_cc,Mileage_kmpl,Fuel_type,Body_type,Transmission,Onroadprice_Rs_Lakh
0,Volvo,XC90,,4.5,1969,42,Petrol | Diesel,SUV,Automatic,47.33
1,Volvo,XC40,39.9,4.3,1969,18,Petrol | Diesel,SUV,Automatic,95.71
2,Volvo,S60CrossCountry,44.27,,2400,20,Diesel,Crossover,Automatic,55.62
3,Volvo,S60,38.51,4.8,1969,27,Petrol | Diesel,Hybrid,Automatic,61.49
4,Volvo,V90CrossCountry,65.31,4.2,1969,13,Diesel,Crossover,Automatic,38.41
5,Volvo,XC60,52.9,4.3,1969,11,Diesel,SUV,Automatic,76.34
6,Volvo,S90,51.9,4.4,1969,18,Diesel,Sedan,Automatic,51.76
