,Carnames,Carmodels,Showroomprice_Rs_Lakh,Rating,Engine_cc,Mileage_kmpl,Fuel_type,Body_type,Transmission,Onroadprice_Rs_Lakh
0,Maruti,Swift,5.19,4.2,1248,23,Petrol,Hatchback,ManualAMT,4.09
1,Maruti,Baleno,5.64,4.1,1197,23,Petrol,Hatchback,Manual,3.21
2,Maruti,S-Presso,3.71,4.1,998 ,23,Petrol,Hatchback,ManualAMT,4.81
3,Maruti,Alto,2.95,4.1,796 ,23,Petrol,Sedan,ManualAutomatic,5.72
4,Maruti,Dzire,5.83,4.3,1248,23,Petrol,SUV,ManualAutomatic,6.47
5,Maruti,VitaraBrezza,7.34,4.6,1462,23,Petrol,Hatchback,AMTManual,8.29
6,Maruti,WagonR,4.46,4.3,998 ,23,Petrol,NaN,AutomaticManual,5.38
7,Maruti,Ertiga,7.59,4.3,1498,23,Petrol,NaN,AutomaticManual,6.21
8,Maruti,Eeco,3.81,4.2,1196,23,Petrol,Hatchback,MUV,11.15
9,Maruti,Celerio,4.41,4.1,998 ,23,Petrol,Hatchback,ManualAMT,8.69
10,Maruti,Ignis,4.89,4.1,1197,23,Petrol,Hatchback,ManualAutomaticAMT,4.72
11,Maruti,XL6,9.85,4.1,1462,23,Petrol,NaN,MUV,3.65
12,Maruti,Ciaz,8.32,4.3,1462,23,Petrol,Sedan,Manual,9.52
13,Maruti,AltoK10,3.61,4.6,998 ,23,Petrol,NaN,AutomaticManual,10.07
14,Maruti,S-Cross,8.81,4.3,1248,23,Petrol,Hatchback,Manual,5.26
15,Maruti,CelerioX,4.9,4.3,998 ,23,Petrol,Hatchback,Manual,10.12
