,Carnames,Carmodels,Showroomprice_Rs_Lakh,Rating,Engine_cc,Mileage_kmpl,Fuel_type,Body_type,Transmission,Onroadprice_Rs_Lakh
0,Land,RoverRangeRoverEvoque,54.94,,1997,NaN,Petrol | Diesel,SUV,Automatic,65.07
1,Land,RoverDiscoverySport,57.06,3.7,1999,NaN,Diesel,SUV,Automatic,67.57
2,Land,RoverRangeRoverVelar,71.87,4.4,1997,16,Petrol,SUV,Automatic,85.76
3,Land,RoverDefender,69.99,4.5,1997,NaN,Petrol,SUV,Automatic,
4,Land,RoverDiscovery,75.6,4.3,1999,18,Diesel,SUV,Automatic,88.96
5,Land,RoverRangeRoverSport,87.02,4.5,1997,13,Petrol,SUV,Automatic,123.0
6,Land,RoverRangeRover,182.0,4.6,2993,13,Petrol | Diesel,SUV,Automatic,204.0
