,Carnames,Carmodels,Showroomprice_Rs_Lakh,Rating,Engine_cc,Mileage_kmpl,Fuel_type,Body_type,Transmission,Onroadprice_Rs_Lakh
0,Mahindra,Scorpio,10.0,4.0,2523,16,Diesel,SUV,Manual,9.27
1,Mahindra,XUV300,8.3,3.9,1197,20,Petrol | Diesel,SUV,Manual,7.36
2,Mahindra,XUV500,12.31,4.0,2179,15,Diesel,SUV,Manual,8.24
3,Mahindra,Thar,9.6,3.6,2498,17,Diesel,SUV,Manual,14.77
4,Mahindra,TUV300,8.54,3.8,1493,18,Diesel,SUV,Manual,5.84
5,Mahindra,BoleroPik-Up,6.91,3.4,2523,NaN,Diesel,SUV,Manual,8.56
6,Mahindra,e2oPlus,6.07,3.9,NaN,NaN,Electric(Battery,SUV,Manual,5.44
7,Mahindra,Marazzo,10.0,4.0,1497,17,Diesel,SUV,Manual,7.22
8,Mahindra,AlturasG4,27.7,3.9,2157,12,Diesel,SUV,Manual,12.31
9,Mahindra,EVerito,13.17,3.9,NaN,NaN,Electric(Battery,SUV,Automatic,9.77
10,Mahindra,KUV100NXT,4.88,4.0,1198,25,Petrol | Diesel,SUV,Automatic,11.35
11,Mahindra,Xylo,9.17,4.0,2489,15,Diesel,SUV,MUV,8.51
12,Mahindra,BoleroPowerPlus,7.49,3.9,1493,17,Diesel,Sedan,Manual,10.63
13,Mahindra,TUV300Plus,9.93,4.0,2179,18,Diesel,Hatchback,Manual,11.49
14,Mahindra,VeritoVibe,6.59,3.6,1461,21,Diesel,SUV,ManualAMT,8.73
15,Mahindra,Verito,7.61,3.8,1461,21,Diesel,Sedan,Manual,7.54
