,Carnames,Carmodels,Showroomprice_Rs_Lakh,Rating,Engine_cc,Mileage_kmpl,Fuel_type,Body_type,Transmission,Onroadprice_Rs_Lakh
0,Toyota,Fortuner,28.18,4.4,2755,15,Petrol | Diesel,SUV,AutomaticManual,33.08
1,Toyota,InnovaCrysta,15.36,4.4,2393,14,Petrol | Diesel,Hatchback,AutomaticManual,8.0
2,Toyota,PlatinumEtios,6.5,4.3,1364,24,Petrol | Diesel,MUV,ManualAutomatic,17.86
3,Toyota,Glanza,6.98,4.2,1197,24,Petrol,SUV,Automatic,1.74
4,Toyota,EtiosLiva,5.35,4.2,1364,24,Petrol | Diesel,Sedan,AutomaticManual,9.89
5,Toyota,LandCruiser,,,NaN,NaN,NaN,Hatchback,Manual,5.71
6,Toyota,CorollaAltis,16.45,4.5,1798,21,Petrol | Diesel,Sedan,Manual,7.63
7,Toyota,Camry2019,37.88,4.6,2487,19,Petrol,Sedan,Automatic,44.49
8,Toyota,LandCruiserPrado,,,NaN,NaN,NaN,Sedan,ManualAutomatic,19.65
9,Toyota,Yaris,8.76,4.1,1496,18,Petrol,SUV,Automatic,1.14
10,Toyota,Prius,45.09,3.3,NaN,NaN,Petrol,Crossover,Manual,7.2
11,Toyota,EtiosCross,6.5,4.4,1496,24,Petrol | Diesel,Sedan,Automatic,51.54
